"","Precision","Recall","F1"
"1",0.711928934010152,0.807194244604317,0.756574511126096
"2",0.70460358056266,0.805555555555556,0.751705320600273
"3",0.717821782178218,0.843023255813954,0.775401069518717
"4",0.721351025331725,0.823691460055096,0.769131832797428
"5",0.736443883984868,0.819074333800841,0.775564409030544
